run_id,experiment,topology_file,valid,total_mbps,flow_11_21_mbps,flow_12_22_mbps,flow_13_23_mbps,flow_14_24_mbps,flow_11_21_duration,flow_12_22_duration,flow_13_23_duration,flow_14_24_duration,measured_mlu,json_expected_mlu,node_0_recv_bytes,node_0_tx_bytes,node_1_recv_bytes,node_1_tx_bytes,node_2_recv_bytes,node_2_tx_bytes,node_3_recv_bytes,node_3_tx_bytes,node_4_recv_bytes,node_4_tx_bytes,node_11_recv_bytes,node_11_tx_bytes,node_12_recv_bytes,node_12_tx_bytes,node_13_recv_bytes,node_13_tx_bytes,node_14_recv_bytes,node_14_tx_bytes
baseline_ecmp_rep01,baseline_ecmp,ICAWeights13.topo.sh,True,39.9969,9.9994,9.9991,9.9994,9.999,120.02,120.02,120.02,120.02,1.893147,2.0,611515997,611516147,321802469,321802319,2826,2826,1834,1834,611517981,611517831,1398178,151405799,1460529,151468493,1424064,151431685,1461474,151469267
baseline_ecmp_rep02,baseline_ecmp,ICAWeights13.topo.sh,True,39.9966,9.999,9.9991,9.9995,9.999,120.02,120.02,120.02,120.02,2.396451,2.0,611041942,611041856,246069809,246069959,2826,2826,1598,1834,611043926,611043926,1503872,151511837,1302288,151310253,1425354,151432975,1275456,151283249
baseline_ecmp_rep03,baseline_ecmp,ICAWeights13.topo.sh,True,39.9969,9.9993,9.9994,9.9991,9.9991,120.02,120.02,120.02,120.02,2.647047,2.0,610644794,610644794,208282523,208282523,2676,2826,1834,1684,610646928,610646928,1416066,151423687,1187306,151194841,1348470,151356423,1356148,151365345
baseline_ecmp_rep04,baseline_ecmp,ICAWeights13.topo.sh,True,39.9974,9.9993,9.9994,9.9994,9.9993,120.02,120.02,120.02,120.02,1.639577,2.0,611259856,611259856,359710529,359710529,2826,2826,1834,1834,611261840,611261754,1409960,151417581,1357156,151365121,1389946,151399057,1458378,151465999
baseline_ecmp_rep05,baseline_ecmp,ICAWeights13.topo.sh,True,39.9976,9.9994,9.9994,9.9993,9.9995,120.02,120.02,120.02,120.02,3.028165,2.0,611230627,611230391,151407250,151407250,2826,2826,1834,1834,611232375,611232225,1420280,151428245,1420194,151428073,1339784,151347663,1421055,151428675
baseline_ecmp_rep06,baseline_ecmp,ICAWeights13.topo.sh,True,39.9969,9.9992,9.9995,9.9991,9.9991,120.02,120.01,120.02,120.02,2.020466,2.0,611681866,611682038,302788170,302788256,2826,2826,1748,1834,611683764,611683872,1482716,151490337,1421152,151430381,1481942,151489907,1440748,151448197
baseline_ecmp_rep07,baseline_ecmp,ICAWeights13.topo.sh,True,39.9956,9.9991,9.9985,9.9986,9.9994,120.02,120.03,120.03,120.02,1.387995,2.0,611569208,611569058,397601905,397602055,2826,2826,1748,1834,611571278,611571278,1416410,151424203,1400758,151408293,1456056,151464021,1497508,151505387
baseline_ecmp_rep08,baseline_ecmp,ICAWeights13.topo.sh,True,39.9966,9.9991,9.9991,9.9991,9.9993,120.02,120.02,120.02,120.02,1.893624,2.0,611556239,611555939,321755382,321755382,2826,2826,1834,1834,611558223,611558137,1406778,151414743,1481709,151490733,1442578,151457315,1428880,151436845
baseline_ecmp_rep09,baseline_ecmp,ICAWeights13.topo.sh,True,39.9964,9.999,9.9992,9.9991,9.9991,120.02,120.02,120.02,120.02,2.138975,2.0,610093018,610093104,284216729,284216729,2826,2654,1834,1834,610095088,610095088,1388546,151396511,1369540,151377075,1126074,151133781,1148606,151156313
baseline_ecmp_rep10,baseline_ecmp,ICAWeights13.topo.sh,True,39.9964,9.999,9.9994,9.9989,9.9991,120.02,120.02,120.02,120.02,2.142815,2.0,610841638,610841724,284015954,284015954,2740,2740,1834,1748,610843708,610843558,1371862,151379569,1305986,151313607,1370314,151378279,1358040,151367409
icajh_srv6_rep01,icajh_srv6,ICAJH13.topo.sh,True,39.9977,9.9994,9.9994,9.9994,9.9995,120.02,120.02,120.02,120.01,1.012442,1.0,612216450,612216450,455577945,455577945,151848259,151848345,1834,1834,612218448,612218684,1269866,151865751,1270210,151866255,1256622,151846347,1418388,151426353
icajh_srv6_rep02,icajh_srv6,ICAJH13.topo.sh,True,39.9977,9.9995,9.9994,9.9994,9.9994,120.02,120.02,120.02,120.02,1.012396,1.0,612166701,612166787,455547201,455547201,151860945,151860945,1834,1834,612168785,612168721,1244926,151829211,1265566,151859451,1265222,151858947,1419421,151427385
icajh_srv6_rep03,icajh_srv6,ICAJH13.topo.sh,True,39.9976,9.9994,9.9994,9.9994,9.9994,120.02,120.02,120.02,120.02,1.012453,1.0,612251233,612251319,455596215,455596215,151863969,151863969,1834,1834,612253317,612253381,1270468,151866633,1271414,151868019,1267287,151861971,1420452,151428417
icajh_srv6_rep04,icajh_srv6,ICAJH13.topo.sh,True,39.9977,9.9994,9.9994,9.9994,9.9995,120.02,120.02,120.02,120.02,1.01244,1.0,612238064,612238064,455591215,455591301,151862055,151862205,1834,1834,612240126,612239976,1270039,151866003,1269694,151865499,1266083,151860207,1417958,151425923
icajh_srv6_rep05,icajh_srv6,ICAJH13.topo.sh,True,39.9977,9.9995,9.9995,9.9994,9.9993,120.02,120.02,120.02,120.02,1.012412,1.0,612177452,612177924,455556187,455556273,151863757,151863843,1834,1834,612179836,612180008,1248281,151834125,1266426,151860711,1267201,151861845,1417356,151425321
icajh_srv6_rep06,icajh_srv6,ICAJH13.topo.sh,True,39.9975,9.9994,9.9994,9.9994,9.9993,120.02,120.02,120.02,120.02,1.012418,1.0,612178380,612178466,455555265,455555265,151864725,151864725,1834,1834,612180614,612180614,1247507,151832991,1265911,151859955,1267803,151862727,1418475,151426439
icajh_srv6_rep07,icajh_srv6,ICAJH13.topo.sh,True,39.9978,9.9995,9.9994,9.9994,9.9995,120.02,120.02,120.02,120.02,1.012381,1.0,611928038,611927802,455405199,455405199,151856409,151856409,1834,1834,611930186,611930272,1264105,151857183,1152649,151694013,1262127,151854411,1419679,151427213
icajh_srv6_rep08,icajh_srv6,ICAJH13.topo.sh,True,39.9978,9.9995,9.9994,9.9995,9.9994,120.02,120.02,120.02,120.02,1.012457,1.0,612239460,612239460,455594073,455594073,151864599,151864599,1834,1834,612241458,612241608,1268233,151863357,1271758,151868523,1267975,151862601,1416324,151424031
icajh_srv6_rep09,icajh_srv6,ICAJH13.topo.sh,True,39.9978,9.9995,9.9995,9.9994,9.9994,120.02,120.02,120.02,120.02,1.012445,1.0,612234506,612234678,455590041,455590041,151862205,151862205,1834,1834,612236890,612236826,1268319,151863483,1270641,151866759,1266083,151860207,1417357,151425321
icajh_srv6_rep10,icajh_srv6,ICAJH13.topo.sh,True,39.9979,9.9995,9.9995,9.9994,9.9995,120.02,120.02,120.02,120.02,1.012446,1.0,612243404,612243554,455595585,455595585,151865733,151865733,1834,1834,612245702,612245702,1270641,151866885,1269609,151865373,1268491,151863735,1417099,151425063
